,Time,BE_line,Tag_Turn_MOD,BME_Turn_MOD,N_Turn_MOD,STT_Turn_MOD,ETT_Turn_MOD,Duration_Turn_MOD,Tag_Turn_P1,BME_Turn_P1,N_Turn_P1,STT_Turn_P1,ETT_Turn_P1,Duration_Turn_P1,Tag_Turn_P2,BME_Turn_P2,N_Turn_P2,STT_Turn_P2,ETT_Turn_P2,Duration_Turn_P2,Conv_MOD_P1_P2,Unnamed: 21
0,0.0,B, [laugh] ,B_W,0.0,0.0,1.375,1.375,,0,,,,,,0,,,,,S02_M001_P007_P006,
1,1.375,E, [laugh] ,E_W,0.0,0.0,1.375,1.375,,0,,,,,,0,,,,,S02_M001_P007_P006,
2,1.375,B,Ok so thanks for coming today. [eh] we're going to play a quiz.,B_W,0.0,1.375,6.441,5.066,,0,,,,,,0,,,,,S02_M001_P007_P006,
3,6.441,E,Ok so thanks for coming today. [eh] we're going to play a quiz.,E_W,0.0,1.375,6.441,5.066,,0,,,,,,0,,,,,S02_M001_P007_P006,
4,6.441,B,I would n,B_W,0.0,6.441,7.057,0.616,,0,,,,,Ok.,B_W,0.0,6.441,7.057,0.616,S02_M001_P007_P006,
5,7.057,E,I would n,E_W,0.0,6.441,7.057,0.616,,0,,,,,Ok.,E_W,0.0,6.441,7.057,0.616,S02_M001_P007_P006,
6,7.057,B,I'm going to ask you three questions,B_W,0.0,7.057,8.812,1.755,,0,,,,,,0,,,,,S02_M001_P007_P006,
7,8.812,E,I'm going to ask you three questions,E_W,0.0,7.057,8.812,1.755,,0,,,,,,0,,,,,S02_M001_P007_P006,
8,8.812,B,and I would li,B_W,0.0,8.812,9.38,0.568,mhmm,B_W,0.0,8.812,9.38,0.568,,0,,,,,S02_M001_P007_P006,
9,9.38,E,and I would li,E_W,0.0,8.812,9.38,0.568,mhmm,E_W,0.0,8.812,9.38,0.568,,0,,,,,S02_M001_P007_P006,
10,9.38,B,ke you to to that were posed to group of one hundred pend one hundred people,B_W,0.0,9.38,13.459,4.079,,0,,,,,,0,,,,,S02_M001_P007_P006,
11,13.459,E,ke you to to that were posed to group of one hundred pend one hundred people,E_W,0.0,9.38,13.459,4.079,,0,,,,,,0,,,,,S02_M001_P007_P006,
12,13.459,B,and then I would like you to guess the three most popular answers to these questions.,B_W,0.0,13.459,18.149,4.69,,0,,,,,,0,,,,,S02_M001_P007_P006,
13,18.149,E,and then I would like you to guess the three most popular answers to these questions.,E_W,0.0,13.459,18.149,4.69,,0,,,,,,0,,,,,S02_M001_P007_P006,
14,18.149,B, [i] ,B_W,0.0,18.149,18.62,0.471,Ok,B_W,0.0,18.149,18.62,0.471,,0,,,,,S02_M001_P007_P006,
15,18.62,E, [i] ,E_W,0.0,18.149,18.62,0.471,Ok,E_W,0.0,18.149,18.62,0.471,,0,,,,,S02_M001_P007_P006,
16,18.62,B,and then we'll ask you to identify the ranking,B_W,0.0,18.62,21.375,2.755,,0,,,,,,0,,,,,S02_M001_P007_P006,
936,0.0,B,Ok hello we are going to play a quiz.,B_M,0.0,0.0,3.218,3.218,,0,,,,,,0,,,,,S03_M001_P008_P009,
937,1.23,B,Ok hello we are going to play a quiz.,M,1.0,0.0,3.218,3.218,hi,B_M,0.0,1.23,1.592,0.362,,0,,,,,S03_M001_P008_P009,
938,1.267,B,Ok hello we are going to play a quiz.,M,2.0,0.0,3.218,3.218,hi,M,1.0,1.23,1.592,0.362,hello,B_M,0.0,1.267,1.781,0.514,S03_M001_P008_P009,
939,1.592,E,Ok hello we are going to play a quiz.,M,3.0,0.0,3.218,3.218,hi,E_M,1.0,1.23,1.592,0.362,hello,M,1.0,1.267,1.781,0.514,S03_M001_P008_P009,
940,1.781,E,Ok hello we are going to play a quiz.,M,4.0,0.0,3.218,3.218,,0,,,,,hello,E_M,1.0,1.267,1.781,0.514,S03_M001_P008_P009,
941,3.04,B,Ok hello we are going to play a quiz.,M,5.0,0.0,3.218,3.218,,0,,,,,ok,B_M,0.0,3.04,3.915,0.875,S03_M001_P008_P009,
942,3.218,E,Ok hello we are going to play a quiz.,E_M,5.0,0.0,3.218,3.218,,0,,,,,ok,M,1.0,3.04,3.915,0.875,S03_M001_P008_P009,
943,3.218,B,I would like to ask you three questions,B_M,0.0,3.218,5.425,2.207,,0,,,,,ok,M,2.0,3.04,3.915,0.875,S03_M001_P008_P009,
944,3.915,E,I would like to ask you three questions,M,1.0,3.218,5.425,2.207,,0,,,,,ok,E_M,2.0,3.04,3.915,0.875,S03_M001_P008_P009,
945,5.229,B,I would like to ask you three questions,M,2.0,3.218,5.425,2.207,sure,B_M,0.0,5.229,5.743,0.514,,0,,,,,S03_M001_P008_P009,
946,5.425,E,I would like to ask you three questions,E_M,2.0,3.218,5.425,2.207,sure,M,1.0,5.229,5.743,0.514,,0,,,,,S03_M001_P008_P009,
947,5.425,B,which were posed to a group of one hundred people,B_M,0.0,5.425,8.1,2.675,sure,M,2.0,5.229,5.743,0.514,,0,,,,,S03_M001_P008_P009,
948,5.743,E,which were posed to a group of one hundred people,M,1.0,5.425,8.1,2.675,sure,E_M,2.0,5.229,5.743,0.514,,0,,,,,S03_M001_P008_P009,
949,8.1,E,which were posed to a group of one hundred people,E_M,1.0,5.425,8.1,2.675,,0,,,,,,0,,,,,S03_M001_P008_P009,
950,8.1,B,and I would like you to guess the three most popular anwers to these questions,B_M,0.0,8.1,12.137,4.037,,0,,,,,,0,,,,,S03_M001_P008_P009,
951,8.116,B,and I would like you to guess the three most popular anwers to these questions,M,1.0,8.1,12.137,4.037,,0,,,,,mhmm,B_W,0.0,8.116,8.683,0.567,S03_M001_P008_P009,
952,8.683,E,and I would like you to guess the three most popular anwers to these questions,M,2.0,8.1,12.137,4.037,,0,,,,,mhmm,E_W,0.0,8.116,8.683,0.567,S03_M001_P008_P009,
953,12.137,E,and I would like you to guess the three most popular anwers to these questions,E_M,2.0,8.1,12.137,4.037,,0,,,,,,0,,,,,S03_M001_P008_P009,
954,12.137,B,and then I will ask you to really have a quick chat about their ranking in terms of popularity.,B_M,0.0,12.137,17.853,5.716,,0,,,,,,0,,,,,S03_M001_P008_P009,
955,12.152,B,and then I will ask you to really have a quick chat about their ranking in terms of popularity.,M,1.0,12.137,17.853,5.716,ok,B_W,0.0,12.152,12.555,0.403,,0,,,,,S03_M001_P008_P009,
956,12.555,E,and then I will ask you to really have a quick chat about their ranking in terms of popularity.,M,2.0,12.137,17.853,5.716,ok,E_W,0.0,12.152,12.555,0.403,,0,,,,,S03_M001_P008_P009,
957,17.853,E,and then I will ask you to really have a quick chat about their ranking in terms of popularity.,E_M,2.0,12.137,17.853,5.716,,0,,,,,,0,,,,,S03_M001_P008_P009,
958,17.853,B,So for example if I ask you what is normally used to carry patients in a hospital,B_W,0.0,17.853,24.439,6.586,,0,,,,,,0,,,,,S03_M001_P008_P009,
1518,0.033,B,,B_W,0.0,0.033,0.266,0.233,,0,,,,,,0,,,,,S04_M001_P011_P010,
1519,0.266,E,,E_W,0.0,0.033,0.266,0.233,,0,,,,,,0,,,,,S04_M001_P011_P010,
1520,0.76,B,ok,B_W,0.0,0.76,1.502,0.742,,0,,,,,,0,,,,,S04_M001_P011_P010,
1521,1.502,E,ok,E_W,0.0,0.76,1.502,0.742,,0,,,,,,0,,,,,S04_M001_P011_P010,
1522,1.502,B,"Hello, thank you for coming today, we're going to play a quiz.",B_W,0.0,1.502,5.338,3.836,,0,,,,,,0,,,,,S04_M001_P011_P010,
1523,5.338,E,"Hello, thank you for coming today, we're going to play a quiz.",E_W,0.0,1.502,5.338,3.836,,0,,,,,,0,,,,,S04_M001_P011_P010,
1524,5.338,B,I'd like to ask you,B_W,0.0,5.338,5.958,0.62,,0,,,,,ok,B_W,0.0,5.338,5.958,0.62,S04_M001_P011_P010,
1525,5.958,E,I'd like to ask you,E_W,0.0,5.338,5.958,0.62,,0,,,,,ok,E_W,0.0,5.338,5.958,0.62,S04_M001_P011_P010,
1526,5.958,B,three questions [eh] which were posed to a group of one hundred people,B_W,0.0,5.958,9.96,4.002,,0,,,,,,0,,,,,S04_M001_P011_P010,
1527,9.96,E,three questions [eh] which were posed to a group of one hundred people,E_W,0.0,5.958,9.96,4.002,,0,,,,,,0,,,,,S04_M001_P011_P010,
1528,9.96,B,and I would like you to guess the three most popular answers to these questions.,B_W,0.0,9.96,14.128,4.168,,0,,,,,,0,,,,,S04_M001_P011_P010,
1529,14.128,E,and I would like you to guess the three most popular answers to these questions.,E_W,0.0,9.96,14.128,4.168,,0,,,,,,0,,,,,S04_M001_P011_P010,
1530,14.128,B,And then I would like you to talk to each other about the ranking of these answers in terms of populartiy.,B_W,0.0,14.128,19.927,5.799,,0,,,,,,0,,,,,S04_M001_P011_P010,
1531,19.927,E,And then I would like you to talk to each other about the ranking of these answers in terms of populartiy.,E_W,0.0,14.128,19.927,5.799,,0,,,,,,0,,,,,S04_M001_P011_P010,
1532,19.927,B,Ok?,B_W,0.0,19.927,21.055,1.128,,0,,,,,,0,,,,,S04_M001_P011_P010,
2445,0.821,B,"Ok hi welcome, thank you for coming today.",B_W,0.0,0.821,3.866,3.045,,0,,,,,,0,,,,,S05_M001_P012_P013,
2446,3.866,E,"Ok hi welcome, thank you for coming today.",E_W,0.0,0.821,3.866,3.045,,0,,,,,,0,,,,,S05_M001_P012_P013,
2447,3.866,B,We're going to play a quiz.,B_W,0.0,3.866,5.657,1.791,,0,,,,,,0,,,,,S05_M001_P012_P013,
2448,5.657,E,We're going to play a quiz.,E_W,0.0,3.866,5.657,1.791,,0,,,,,,0,,,,,S05_M001_P012_P013,
2449,5.657,B,I would like to ask you three questions which were posed to a group of one hundred people,B_W,0.0,5.657,10.585,4.928,,0,,,,,,0,,,,,S05_M001_P012_P013,
2450,10.585,E,I would like to ask you three questions which were posed to a group of one hundred people,E_W,0.0,5.657,10.585,4.928,,0,,,,,,0,,,,,S05_M001_P012_P013,
2451,10.585,B,and I would like you to guess the three most popular answers to these questions.,B_W,0.0,10.585,15.054,4.469,,0,,,,,,0,,,,,S05_M001_P012_P013,
2452,15.054,E,and I would like you to guess the three most popular answers to these questions.,E_W,0.0,10.585,15.054,4.469,,0,,,,,,0,,,,,S05_M001_P012_P013,
2453,15.054,B,,0,,,,,,0,,,,,Ok.,B_W,0.0,15.054,15.568,0.514,S05_M001_P012_P013,
2454,15.568,E,,0,,,,,,0,,,,,Ok.,E_W,0.0,15.054,15.568,0.514,S05_M001_P012_P013,
2455,15.568,B,Ok?,B_W,0.0,15.568,16.285,0.717,Ok.,B_W,0.0,15.568,16.285,0.717,,0,,,,,S05_M001_P012_P013,
2456,16.285,E,Ok?,E_W,0.0,15.568,16.285,0.717,Ok.,E_W,0.0,15.568,16.285,0.717,,0,,,,,S05_M001_P012_P013,
2457,16.285,B,And then I will ask you to talk to each other [eh] +and guess the ranking of the answers in terms of popularity.,B_W,0.0,16.285,23.447,7.162,,0,,,,,,0,,,,,S05_M001_P012_P013,
3368,0.0,B, [ts] ,B_W,0.0,0.0,0.566,0.566,,0,,,,,,0,,,,,S07_M002_P016_P017,
3369,0.566,E, [ts] ,E_W,0.0,0.0,0.566,0.566,,0,,,,,,0,,,,,S07_M002_P016_P017,
3370,1.683,B,Ok.,B_W,0.0,1.683,2.396,0.713,,0,,,,,,0,,,,,S07_M002_P016_P017,
3371,2.396,E,Ok.,E_W,0.0,1.683,2.396,0.713,,0,,,,,,0,,,,,S07_M002_P016_P017,
3372,2.396,B,"So welcome, thank you very much for being",B_W,0.0,2.396,4.397,2.001,,0,,,,,,0,,,,,S07_M002_P016_P017,
3373,4.397,E,"So welcome, thank you very much for being",E_W,0.0,2.396,4.397,2.001,,0,,,,,,0,,,,,S07_M002_P016_P017,
3374,4.397,B,here,B_W,0.0,4.397,5.17,0.773,,0,,,,,Thank you.,B_W,0.0,4.397,5.17,0.773,S07_M002_P016_P017,
3375,5.17,E,here,E_W,0.0,4.397,5.17,0.773,,0,,,,,Thank you.,E_W,0.0,4.397,5.17,0.773,S07_M002_P016_P017,
3376,5.17,B,today.,B_W,0.0,5.17,5.705,0.535,,0,,,,,,0,,,,,S07_M002_P016_P017,
3377,5.705,E,today.,E_W,0.0,5.17,5.705,0.535,,0,,,,,,0,,,,,S07_M002_P016_P017,
3378,5.705,B,How do you feel?,B_W,0.0,5.705,6.821,1.116,,0,,,,,,0,,,,,S07_M002_P016_P017,
3379,6.821,E,How do you feel?,E_W,0.0,5.705,6.821,1.116,,0,,,,,,0,,,,,S07_M002_P016_P017,
3380,6.821,B,,0,,,,,,0,,,,,Great.,B_W,0.0,6.821,7.592,0.771,S07_M002_P016_P017,
3381,7.592,E,,0,,,,,,0,,,,,Great.,E_W,0.0,6.821,7.592,0.771,S07_M002_P016_P017,
3382,7.592,B,,0,,,,,I'm fine.,B_W,0.0,7.592,8.567,0.975,,0,,,,,S07_M002_P016_P017,
3383,8.567,E,,0,,,,,I'm fine.,E_W,0.0,7.592,8.567,0.975,,0,,,,,S07_M002_P016_P017,
3384,8.567,B,Excellent.,B_W,0.0,8.567,9.183,0.616,,0,,,,,,0,,,,,S07_M002_P016_P017,
3385,9.183,E,Excellent.,E_W,0.0,8.567,9.183,0.616,,0,,,,,,0,,,,,S07_M002_P016_P017,
3386,9.183,B,Ah,B_W,0.0,9.183,9.904,0.721,Thanks.,B_W,0.0,9.183,9.904,0.721,,0,,,,,S07_M002_P016_P017,
3387,9.904,E,Ah,E_W,0.0,9.183,9.904,0.721,Thanks.,E_W,0.0,9.183,9.904,0.721,,0,,,,,S07_M002_P016_P017,
3388,9.904,B,so we're going to play+ [ii] a quiz.,B_W,0.0,9.904,12.368,2.464,,0,,,,,,0,,,,,S07_M002_P016_P017,
3389,12.368,E,so we're going to play+ [ii] a quiz.,E_W,0.0,9.904,12.368,2.464,,0,,,,,,0,,,,,S07_M002_P016_P017,
3390,12.368,B,I'm going to ask you three questions,B_W,0.0,12.368,14.952,2.584,,0,,,,,,0,,,,,S07_M002_P016_P017,
3391,14.952,E,I'm going to ask you three questions,E_W,0.0,12.368,14.952,2.584,,0,,,,,,0,,,,,S07_M002_P016_P017,
3392,14.952,B, [ah] regarding [ah] ,B_W,0.0,14.952,17.025,2.073,,0,,,,,,0,,,,,S07_M002_P016_P017,
3393,17.025,E, [ah] regarding [ah] ,E_W,0.0,14.952,17.025,2.073,,0,,,,,,0,,,,,S07_M002_P016_P017,
3394,17.025,B,the most ah popular questions [eh] about something that,B_W,0.0,17.025,21.415,4.39,,0,,,,,,0,,,,,S07_M002_P016_P017,
4372,0.0,B,,B_M,0.0,0.0,41.211,41.211,,0,,,,,,0,,,,,S08_M002_P018_P019,
4373,2.316,B,,M,1.0,0.0,41.211,41.211,,0,,,,,Good evening.,B_W,0.0,2.316,2.776,0.46,S08_M002_P018_P019,
4374,2.776,E,,M,2.0,0.0,41.211,41.211,,0,,,,,Good evening.,E_W,0.0,2.316,2.776,0.46,S08_M002_P018_P019,
4375,2.776,B,,M,3.0,0.0,41.211,41.211,Good evening.,B_W,0.0,2.776,3.752,0.976,,0,,,,,S08_M002_P018_P019,
4376,3.752,E,,M,4.0,0.0,41.211,41.211,Good evening.,E_W,0.0,2.776,3.752,0.976,,0,,,,,S08_M002_P018_P019,
5148,1.791,B,Ok [un] ,B_W,0.0,1.791,2.934,1.143,Yeah so,B_W,0.0,1.791,2.934,1.143,,0,,,,,S09_M001_P021_P020,
5149,2.934,E,Ok [un] ,E_W,0.0,1.791,2.934,1.143,Yeah so,E_W,0.0,1.791,2.934,1.143,,0,,,,,S09_M001_P021_P020,
5150,2.934,B,So I would like us to pay play a quiz.,B_W,0.0,2.934,5.496,2.562,,0,,,,,,0,,,,,S09_M001_P021_P020,
5151,5.496,E,So I would like us to pay play a quiz.,E_W,0.0,2.934,5.496,2.562,,0,,,,,,0,,,,,S09_M001_P021_P020,
5152,5.496,B,Right?,B_W,0.0,5.496,6.433,0.937,ok.,B_W,0.0,5.496,6.433,0.937,,0,,,,,S09_M001_P021_P020,
5153,6.433,E,Right?,E_W,0.0,5.496,6.433,0.937,ok.,E_W,0.0,5.496,6.433,0.937,,0,,,,,S09_M001_P021_P020,
5154,6.895,B,So I would like to ask you three questions that were posed to a group of one hundred people.,B_W,0.0,6.895,11.059,4.164,,0,,,,,,0,,,,,S09_M001_P021_P020,
5155,11.059,E,So I would like to ask you three questions that were posed to a group of one hundred people.,E_W,0.0,6.895,11.059,4.164,,0,,,,,,0,,,,,S09_M001_P021_P020,
5156,11.059,B,,0,,,,,mhmm,B_W,0.0,11.059,11.626,0.567,,0,,,,,S09_M001_P021_P020,
5157,11.626,E,,0,,,,,mhmm,E_W,0.0,11.059,11.626,0.567,,0,,,,,S09_M001_P021_P020,
5158,11.626,B,"And I would like you to guess, talk to each other and guess the three most popular answers to these questions.",B_W,0.0,11.626,17.418,5.792,,0,,,,,,0,,,,,S09_M001_P021_P020,
5159,17.418,E,"And I would like you to guess, talk to each other and guess the three most popular answers to these questions.",E_W,0.0,11.626,17.418,5.792,,0,,,,,,0,,,,,S09_M001_P021_P020,
5160,17.418,B,And then I will ask you to decide on the ranking.,B_W,0.0,17.418,20.816,3.398,,0,,,,,,0,,,,,S09_M001_P021_P020,
5729,1.086,B,Ok.,B_W,0.0,1.086,1.698,0.612,,0,,,,,,0,,,,,S10_M001_P022_P023,
5730,1.698,E,Ok.,E_W,0.0,1.086,1.698,0.612,,0,,,,,,0,,,,,S10_M001_P022_P023,
5731,1.698,B,So I would like us to play a quiz.,B_W,0.0,1.698,3.48,1.782,,0,,,,,,0,,,,,S10_M001_P022_P023,
5732,3.48,E,So I would like us to play a quiz.,E_W,0.0,1.698,3.48,1.782,,0,,,,,,0,,,,,S10_M001_P022_P023,
5733,3.48,B,Ok?,B_W,0.0,3.48,4.197,0.717,,0,,,,,,0,,,,,S10_M001_P022_P023,
5734,4.197,E,Ok?,E_W,0.0,3.48,4.197,0.717,,0,,,,,,0,,,,,S10_M001_P022_P023,
5735,4.197,B,I'm going to ask you three questions that were posed to a group of one hundred people,B_W,0.0,4.197,8.06,3.863,,0,,,,,,0,,,,,S10_M001_P022_P023,
5736,8.06,E,I'm going to ask you three questions that were posed to a group of one hundred people,E_W,0.0,4.197,8.06,3.863,,0,,,,,,0,,,,,S10_M001_P022_P023,
5737,8.06,B,and I would like you to guess the most popular answers to these questions.,B_W,0.0,8.06,11.63,3.57,,0,,,,,,0,,,,,S10_M001_P022_P023,
5738,11.63,E,and I would like you to guess the most popular answers to these questions.,E_W,0.0,8.06,11.63,3.57,,0,,,,,,0,,,,,S10_M001_P022_P023,
5739,11.63,B,And then I will ask you to talk to each other and decide upon the ranking in terms of popularity.,B_W,0.0,11.63,17.076,5.446,,0,,,,,,0,,,,,S10_M001_P022_P023,
5740,17.076,E,And then I will ask you to talk to each other and decide upon the ranking in terms of popularity.,E_W,0.0,11.63,17.076,5.446,,0,,,,,,0,,,,,S10_M001_P022_P023,
5741,17.076,B,Ok?,B_W,0.0,17.076,17.9,0.824,,0,,,,,,0,,,,,S10_M001_P022_P023,
5742,17.9,E,Ok?,E_W,0.0,17.076,17.9,0.824,,0,,,,,,0,,,,,S10_M001_P022_P023,
5743,17.9,B,So+ [oh] I might just ask questions like ah what do you usually use to transfer patients you know in a hospital,B_W,0.0,17.9,24.276,6.376,,0,,,,,,0,,,,,S10_M001_P022_P023,
6407,0.0,B,,0,,,,,,0,,,,, [un] ,B_W,0.0,0.0,0.669,0.669,S11_M001_P025_P024,
6408,0.669,E,,0,,,,,,0,,,,, [un] ,E_W,0.0,0.0,0.669,0.669,S11_M001_P025_P024,
6409,0.669,B,Right.,B_W,0.0,0.669,1.387,0.718,,0,,,,,,0,,,,,S11_M001_P025_P024,
6410,1.387,E,Right.,E_W,0.0,0.669,1.387,0.718,,0,,,,,,0,,,,,S11_M001_P025_P024,
6411,1.387,B,"So, I would like us to play a quiz.",B_W,0.0,1.387,3.729,2.342,,0,,,,,,0,,,,,S11_M001_P025_P024,
6412,3.729,E,"So, I would like us to play a quiz.",E_W,0.0,1.387,3.729,2.342,,0,,,,,,0,,,,,S11_M001_P025_P024,
6413,3.729,B,I'm going to ask you three questions,B_W,0.0,3.729,6.206,2.477,,0,,,,,,0,,,,,S11_M001_P025_P024,
6414,6.206,E,I'm going to ask you three questions,E_W,0.0,3.729,6.206,2.477,,0,,,,,,0,,,,,S11_M001_P025_P024,
6415,6.206,B,and I would,B_W,0.0,6.206,6.618,0.412,,0,,,,,Ok.,B_W,0.0,6.206,6.618,0.412,S11_M001_P025_P024,
6416,6.618,E,and I would,E_W,0.0,6.206,6.618,0.412,,0,,,,,Ok.,E_W,0.0,6.206,6.618,0.412,S11_M001_P025_P024,
6417,6.618,B,lie that were were posed to a group of one hundred people,B_W,0.0,6.618,9.808,3.19,,0,,,,,,0,,,,,S11_M001_P025_P024,
6418,9.808,E,lie that were were posed to a group of one hundred people,E_W,0.0,6.618,9.808,3.19,,0,,,,,,0,,,,,S11_M001_P025_P024,
6419,9.808,B,and I would like you to guess the most popular answers to these questions.,B_W,0.0,9.808,13.45,3.642,,0,,,,,,0,,,,,S11_M001_P025_P024,
6420,13.45,E,and I would like you to guess the most popular answers to these questions.,E_W,0.0,9.808,13.45,3.642,,0,,,,,,0,,,,,S11_M001_P025_P024,
6421,13.45,B,Ok?,B_W,0.0,13.45,13.912,0.462,,0,,,,,,0,,,,,S11_M001_P025_P024,
6422,13.912,E,Ok?,E_W,0.0,13.45,13.912,0.462,,0,,,,,,0,,,,,S11_M001_P025_P024,
6423,13.912,B,And then I will ask you to talk to each other and decide a on their ranking in terms of popularity.,B_W,0.0,13.912,19.231,5.319,,0,,,,,,0,,,,,S11_M001_P025_P024,
6424,19.231,E,And then I will ask you to talk to each other and decide a on their ranking in terms of popularity.,E_W,0.0,13.912,19.231,5.319,,0,,,,,,0,,,,,S11_M001_P025_P024,
6425,19.231,B,So for example I might ask you+ [oo] what are some ways in which you can carry patients in a hospital.,B_W,0.0,19.231,25.279,6.048,,0,,,,,,0,,,,,S11_M001_P025_P024,
7099,0.0,B,,0,,,,,yeah,B_W,0.0,0.0,0.153,0.153,,0,,,,,S13_M003_P028_P029,
7100,0.153,E,,0,,,,,yeah,E_W,0.0,0.0,0.153,0.153,,0,,,,,S13_M003_P028_P029,
7101,0.153,B, [eh] ,B_W,0.0,0.153,0.874,0.721,,0,,,,,,0,,,,,S13_M003_P028_P029,
7102,0.874,E, [eh] ,E_W,0.0,0.153,0.874,0.721,,0,,,,,,0,,,,,S13_M003_P028_P029,
7103,0.874,B,"Well hello, thanks very much for coming here today.",B_W,0.0,0.874,3.601,2.727,,0,,,,,,0,,,,,S13_M003_P028_P029,
7104,3.601,E,"Well hello, thanks very much for coming here today.",E_W,0.0,0.874,3.601,2.727,,0,,,,,,0,,,,,S13_M003_P028_P029,
7105,3.601,B,Eh we're going to play a quiz.,B_W,0.0,3.601,5.598,1.997,,0,,,,,,0,,,,,S13_M003_P028_P029,
7106,5.598,E,Eh we're going to play a quiz.,E_W,0.0,3.601,5.598,1.997,,0,,,,,,0,,,,,S13_M003_P028_P029,
7107,5.598,B,,0,,,,,hm,B_W,0.0,5.598,6.011,0.413,,0,,,,,S13_M003_P028_P029,
7108,6.011,E,,0,,,,,hm,E_W,0.0,5.598,6.011,0.413,,0,,,,,S13_M003_P028_P029,
7109,6.011,B,I'm going,B_W,0.0,6.011,6.527,0.516,,0,,,,,ok,B_W,0.0,6.011,6.527,0.516,S13_M003_P028_P029,
7110,6.527,E,I'm going,E_W,0.0,6.011,6.527,0.516,,0,,,,,ok,E_W,0.0,6.011,6.527,0.516,S13_M003_P028_P029,
7111,6.527,B,to ask you three survey questions,B_W,0.0,6.527,8.492,1.965,,0,,,,,,0,,,,,S13_M003_P028_P029,
7112,8.492,E,to ask you three survey questions,E_W,0.0,6.527,8.492,1.965,,0,,,,,,0,,,,,S13_M003_P028_P029,
7113,8.492,B,that,B_W,0.0,8.492,8.952,0.46,ok,B_W,0.0,8.492,8.952,0.46,,0,,,,,S13_M003_P028_P029,
7114,8.952,E,that,E_W,0.0,8.492,8.952,0.46,ok,E_W,0.0,8.492,8.952,0.46,,0,,,,,S13_M003_P028_P029,
7115,8.952,B,were previously ah posed in a a group of hundred people.,B_W,0.0,8.952,13.653,4.701,,0,,,,,,0,,,,,S13_M003_P028_P029,
7116,13.653,E,were previously ah posed in a a group of hundred people.,E_W,0.0,8.952,13.653,4.701,,0,,,,,,0,,,,,S13_M003_P028_P029,
7117,13.653,B,For each,B_W,0.0,13.653,14.223,0.57,umhm,B_W,0.0,13.653,14.223,0.57,,0,,,,,S13_M003_P028_P029,
7118,14.223,E,For each,E_W,0.0,13.653,14.223,0.57,umhm,E_W,0.0,13.653,14.223,0.57,,0,,,,,S13_M003_P028_P029,
7119,14.223,B, [ah] question I'd like you to give me the three most popular answers.,B_W,0.0,14.223,19.003,4.78,,0,,,,,,0,,,,,S13_M003_P028_P029,
7120,19.003,E, [ah] question I'd like you to give me the three most popular answers.,E_W,0.0,14.223,19.003,4.78,,0,,,,,,0,,,,,S13_M003_P028_P029,
7121,19.003,B,"You'll have to talk to each other, you need to collaborate",B_W,0.0,19.003,21.989,2.986,,0,,,,,,0,,,,,S13_M003_P028_P029,
7904,0.0,B,Hello guys,B_W,0.0,0.0,0.962,0.962,,0,,,,,,0,,,,,S14_M003_P030_P031,
7905,0.962,E,Hello guys,E_W,0.0,0.0,0.962,0.962,,0,,,,,,0,,,,,S14_M003_P030_P031,
7906,0.962,B,thanks very much for coming here today.,B_W,0.0,0.962,3.043,2.081,,0,,,,,,0,,,,,S14_M003_P030_P031,
7907,3.043,E,thanks very much for coming here today.,E_W,0.0,0.962,3.043,2.081,,0,,,,,,0,,,,,S14_M003_P030_P031,
7908,3.043,B, [ah] We're going to play a quiz.,B_W,0.0,3.043,5.125,2.082,,0,,,,,,0,,,,,S14_M003_P030_P031,
7909,5.125,E, [ah] We're going to play a quiz.,E_W,0.0,3.043,5.125,2.082,,0,,,,,,0,,,,,S14_M003_P030_P031,
7910,5.125,B,So I'm going to ask you s three survey questions thsat were previously eh posed to a group of hundred people.,B_W,0.0,5.125,10.73,5.605,,0,,,,,,0,,,,,S14_M003_P030_P031,
7911,10.73,E,So I'm going to ask you s three survey questions thsat were previously eh posed to a group of hundred people.,E_W,0.0,5.125,10.73,5.605,,0,,,,,,0,,,,,S14_M003_P030_P031,
7912,10.73,B,,0,,,,,,0,,,,, [ts] ,B_W,0.0,10.73,11.365,0.635,S14_M003_P030_P031,
7913,11.365,E,,0,,,,,,0,,,,, [ts] ,E_W,0.0,10.73,11.365,0.635,S14_M003_P030_P031,
7914,11.365,B,For each question I'd like you to give me the three most popular answers.,B_W,0.0,11.365,15.341,3.976,,0,,,,,,0,,,,,S14_M003_P030_P031,
7915,15.341,E,For each question I'd like you to give me the three most popular answers.,E_W,0.0,11.365,15.341,3.976,,0,,,,,,0,,,,,S14_M003_P030_P031,
7916,15.341,B,You have to discuss and you need to collaborate with each other,B_W,0.0,15.341,18.77,3.429,,0,,,,,,0,,,,,S14_M003_P030_P031,
7917,18.77,E,You have to discuss and you need to collaborate with each other,E_W,0.0,15.341,18.77,3.429,,0,,,,,,0,,,,,S14_M003_P030_P031,
7918,18.77,B,and then you need to rank those answers eh in terms of popularity.,B_W,0.0,18.77,23.15,4.38,,0,,,,,,0,,,,,S14_M003_P030_P031,
8892,0.76,B,"Hello guys, thanks very much for being here today.",B_W,0.0,0.76,3.257,2.497,,0,,,,,,0,,,,,S17_M003_P036_P037,
8893,3.257,E,"Hello guys, thanks very much for being here today.",E_W,0.0,0.76,3.257,2.497,,0,,,,,,0,,,,,S17_M003_P036_P037,
8894,3.257,B,Eh we're going to play a quiz.,B_W,0.0,3.257,5.614,2.357,,0,,,,,,0,,,,,S17_M003_P036_P037,
8895,5.614,E,Eh we're going to play a quiz.,E_W,0.0,3.257,5.614,2.357,,0,,,,,,0,,,,,S17_M003_P036_P037,
8896,5.614,B,So I'm going to ask you three survey questions that were previously posed to a grip group of hundred people.,B_W,0.0,5.614,11.644,6.03,,0,,,,,,0,,,,,S17_M003_P036_P037,
8897,11.644,E,So I'm going to ask you three survey questions that were previously posed to a grip group of hundred people.,E_W,0.0,5.614,11.644,6.03,,0,,,,,,0,,,,,S17_M003_P036_P037,
8898,11.644,B,So you'll have to come with the three most popular answers.,B_W,0.0,11.644,15.249,3.605,,0,,,,,,0,,,,,S17_M003_P036_P037,
8899,15.249,E,So you'll have to come with the three most popular answers.,E_W,0.0,11.644,15.249,3.605,,0,,,,,,0,,,,,S17_M003_P036_P037,
8900,15.633,B,You need to colla,B_W,0.0,15.633,16.453,0.82,Ok.,B_W,0.0,15.633,16.453,0.82,,0,,,,,S17_M003_P036_P037,
8901,16.453,E,You need to colla,E_W,0.0,15.633,16.453,0.82,Ok.,E_W,0.0,15.633,16.453,0.82,,0,,,,,S17_M003_P036_P037,
8902,16.453,B,"borate, you need to talk to each other and then you'll have to rank those answers.",B_W,0.0,16.453,20.175,3.722,,0,,,,,,0,,,,,S17_M003_P036_P037,
9898,0.0,B,Ok hi guys,B_W,0.0,0.0,1.035,1.035,,0,,,,,,0,,,,,S18_M003_P038_P039,
9899,1.035,E,Ok hi guys,E_W,0.0,0.0,1.035,1.035,,0,,,,,,0,,,,,S18_M003_P038_P039,
9900,1.035,B,Thanks very much for coming,B_W,0.0,1.035,2.161,1.126,Hello,B_W,0.0,1.035,2.161,1.126,,0,,,,,S18_M003_P038_P039,
9901,2.161,E,Thanks very much for coming,E_W,0.0,1.035,2.161,1.126,Hello,E_W,0.0,1.035,2.161,1.126,,0,,,,,S18_M003_P038_P039,
9902,2.161,B,here today,B_W,0.0,2.161,2.933,0.772,,0,,,,,,0,,,,,S18_M003_P038_P039,
9903,2.933,E,here today,E_W,0.0,2.161,2.933,0.772,,0,,,,,,0,,,,,S18_M003_P038_P039,
9904,2.933,B,,0,,,,,,0,,,,,Thanks,B_W,0.0,2.933,3.447,0.514,S18_M003_P038_P039,
9905,3.447,E,,0,,,,,,0,,,,,Thanks,E_W,0.0,2.933,3.447,0.514,S18_M003_P038_P039,
9906,3.447,B,We're going to play a quiz.,B_W,0.0,3.447,5.204,1.757,,0,,,,,,0,,,,,S18_M003_P038_P039,
9907,5.204,E,We're going to play a quiz.,E_W,0.0,3.447,5.204,1.757,,0,,,,,,0,,,,,S18_M003_P038_P039,
9908,5.204,B,So I'm going to ask you three survey questions,B_W,0.0,5.204,7.692,2.488,,0,,,,,,0,,,,,S18_M003_P038_P039,
9909,7.692,E,So I'm going to ask you three survey questions,E_W,0.0,5.204,7.692,2.488,,0,,,,,,0,,,,,S18_M003_P038_P039,
9910,7.692,B,that were previously posed to a group of hundred people,B_W,0.0,7.692,10.62,2.928,,0,,,,,,0,,,,,S18_M003_P038_P039,
9911,10.62,E,that were previously posed to a group of hundred people,E_W,0.0,7.692,10.62,2.928,,0,,,,,,0,,,,,S18_M003_P038_P039,
9912,10.62,B,,0,,,,,,0,,,,,hmm,B_W,0.0,10.62,11.186,0.566,S18_M003_P038_P039,
9913,11.186,E,,0,,,,,,0,,,,,hmm,E_W,0.0,10.62,11.186,0.566,S18_M003_P038_P039,
9914,11.186,B,So for each question you have to give me the three most popular answers.,B_W,0.0,11.186,15.475,4.289,,0,,,,,,0,,,,,S18_M003_P038_P039,
9915,15.475,E,So for each question you have to give me the three most popular answers.,E_W,0.0,11.186,15.475,4.289,,0,,,,,,0,,,,,S18_M003_P038_P039,
9916,15.475,B,"You have to talk to each other, you need to work together",B_W,0.0,15.475,18.153,2.678,,0,,,,,,0,,,,,S18_M003_P038_P039,
9917,18.153,E,"You have to talk to each other, you need to work together",E_W,0.0,15.475,18.153,2.678,,0,,,,,,0,,,,,S18_M003_P038_P039,
9918,18.153,B,and you will have to order these answers in terms of popularity.,B_W,0.0,18.153,24.032,5.879,,0,,,,,,0,,,,,S18_M003_P038_P039,
10654,0.0,B,Perfect.,B_W,0.0,0.0,0.672,0.672,,0,,,,,,0,,,,,S19_M003_P041_P040,
10655,0.672,E,Perfect.,E_W,0.0,0.0,0.672,0.672,,0,,,,,,0,,,,,S19_M003_P041_P040,
10656,0.672,B,Well hi guys.,B_W,0.0,0.672,1.643,0.971,,0,,,,,,0,,,,,S19_M003_P041_P040,
10657,1.643,E,Well hi guys.,E_W,0.0,0.672,1.643,0.971,,0,,,,,,0,,,,,S19_M003_P041_P040,
10658,1.643,B,Welcome.,B_W,0.0,1.643,2.151,0.508,,0,,,,,Hi.,B_W,0.0,1.643,2.151,0.508,S19_M003_P041_P040,
10659,2.151,E,Welcome.,E_W,0.0,1.643,2.151,0.508,,0,,,,,Hi.,E_W,0.0,1.643,2.151,0.508,S19_M003_P041_P040,
10660,2.151,B,,0,,,,,Hi.,B_W,0.0,2.151,2.663,0.512,,0,,,,,S19_M003_P041_P040,
10661,2.663,E,,0,,,,,Hi.,E_W,0.0,2.151,2.663,0.512,,0,,,,,S19_M003_P041_P040,
10662,2.663,B,Thanks for coming here today.,B_W,0.0,2.663,4.418,1.755,,0,,,,,,0,,,,,S19_M003_P041_P040,
10663,4.418,E,Thanks for coming here today.,E_W,0.0,2.663,4.418,1.755,,0,,,,,,0,,,,,S19_M003_P041_P040,
10664,4.418,B, [eh] so we're going to play a quiz.,B_W,0.0,4.418,6.778,2.36,,0,,,,,,0,,,,,S19_M003_P041_P040,
10665,6.778,E, [eh] so we're going to play a quiz.,E_W,0.0,4.418,6.778,2.36,,0,,,,,,0,,,,,S19_M003_P041_P040,
10666,6.778,B,I'm going to ask you three survey questions that were previously posed to a group of hundred people.,B_W,0.0,6.778,12.015,5.237,,0,,,,,,0,,,,,S19_M003_P041_P040,
10667,12.015,E,I'm going to ask you three survey questions that were previously posed to a group of hundred people.,E_W,0.0,6.778,12.015,5.237,,0,,,,,,0,,,,,S19_M003_P041_P040,
10668,12.015,B,,0,,,,,,0,,,,,mhmm,B_W,0.0,12.015,12.382,0.367,S19_M003_P041_P040,
10669,12.382,E,,0,,,,,,0,,,,,mhmm,E_W,0.0,12.015,12.382,0.367,S19_M003_P041_P040,
10670,12.689,B, [eh] you'll have to give me the three most popular answers,B_W,0.0,12.689,15.622,2.933,,0,,,,,,0,,,,,S19_M003_P041_P040,
10671,15.622,E, [eh] you'll have to give me the three most popular answers,E_W,0.0,12.689,15.622,2.933,,0,,,,,,0,,,,,S19_M003_P041_P040,
10672,16.203,B,and after talking to each other you'll have to order these answers in terms of popularity.,B_W,0.0,16.203,21.039,4.836,,0,,,,,,0,,,,,S19_M003_P041_P040,
11471,0.0,B,So hello.,B_W,0.0,0.0,0.807,0.807,,0,,,,,,0,,,,,S20_M003_P043_P042,
11472,0.807,E,So hello.,E_W,0.0,0.0,0.807,0.807,,0,,,,,,0,,,,,S20_M003_P043_P042,
11473,0.807,B,Thanks,B_W,0.0,0.807,1.113,0.306,,0,,,,,,0,,,,,S20_M003_P043_P042,
11474,1.113,E,Thanks,E_W,0.0,0.807,1.113,0.306,,0,,,,,,0,,,,,S20_M003_P043_P042,
11475,1.113,B,very,B_W,0.0,1.113,1.367,0.254,,0,,,,,Hi.,B_W,0.0,1.113,1.367,0.254,S20_M003_P043_P042,
11476,1.367,E,very,E_W,0.0,1.113,1.367,0.254,,0,,,,,Hi.,E_W,0.0,1.113,1.367,0.254,S20_M003_P043_P042,
11477,1.367,B,much for coming here today.,B_W,0.0,1.367,2.808,1.441,,0,,,,,,0,,,,,S20_M003_P043_P042,
11478,2.808,E,much for coming here today.,E_W,0.0,1.367,2.808,1.441,,0,,,,,,0,,,,,S20_M003_P043_P042,
11479,2.808,B,,0,,,,,Thank you.,B_W,0.0,2.808,3.318,0.51,,0,,,,,S20_M003_P043_P042,
11480,3.318,E,,0,,,,,Thank you.,E_W,0.0,2.808,3.318,0.51,,0,,,,,S20_M003_P043_P042,
11481,3.318,B,Ah we're going to play a quiz,B_W,0.0,3.318,4.999,1.681,,0,,,,,,0,,,,,S20_M003_P043_P042,
11482,4.999,E,Ah we're going to play a quiz,E_W,0.0,3.318,4.999,1.681,,0,,,,,,0,,,,,S20_M003_P043_P042,
11483,5.593,B,I'm going to ask you three survey questions that were eh previously posed to a group of hundred people.,B_W,0.0,5.593,10.803,5.21,,0,,,,,,0,,,,,S20_M003_P043_P042,
11484,10.803,E,I'm going to ask you three survey questions that were eh previously posed to a group of hundred people.,E_W,0.0,5.593,10.803,5.21,,0,,,,,,0,,,,,S20_M003_P043_P042,
11485,10.803,B,,0,,,,,,0,,,,,Oh wow.,B_W,0.0,10.803,11.418,0.615,S20_M003_P043_P042,
11486,11.418,E,,0,,,,,,0,,,,,Oh wow.,E_W,0.0,10.803,11.418,0.615,S20_M003_P043_P042,
11487,11.418,B,You have to come up with the three most popular answers.,B_W,0.0,11.418,14.041,2.623,,0,,,,,,0,,,,,S20_M003_P043_P042,
11488,14.041,E,You have to come up with the three most popular answers.,E_W,0.0,11.418,14.041,2.623,,0,,,,,,0,,,,,S20_M003_P043_P042,
11489,14.622,B,And after,B_W,0.0,14.622,15.064,0.442,Ok.,B_W,0.0,14.622,15.064,0.442,,0,,,,,S20_M003_P043_P042,
11490,15.064,E,And after,E_W,0.0,14.622,15.064,0.442,Ok.,E_W,0.0,14.622,15.064,0.442,,0,,,,,S20_M003_P043_P042,
11491,15.064,B,talking to each other you you need to collaborate in order to order these answers in terms of popularity.,B_W,0.0,15.064,20.243,5.179,,0,,,,,,0,,,,,S20_M003_P043_P042,
12132,0.0,B,Ok so hello guys.,B_W,0.0,0.0,1.882,1.882,,0,,,,,,0,,,,,S21_M003_P045_P044,
12133,1.882,E,Ok so hello guys.,E_W,0.0,0.0,1.882,1.882,,0,,,,,,0,,,,,S21_M003_P045_P044,
12134,1.882,B,Thanks very,B_W,0.0,1.882,2.407,0.525,,0,,,,,Hi.,B_W,0.0,1.882,2.407,0.525,S21_M003_P045_P044,
12135,2.407,E,Thanks very,E_W,0.0,1.882,2.407,0.525,,0,,,,,Hi.,E_W,0.0,1.882,2.407,0.525,S21_M003_P045_P044,
12136,2.407,B,much for being here today.,B_W,0.0,2.407,4.053,1.646,,0,,,,,,0,,,,,S21_M003_P045_P044,
12137,4.053,E,much for being here today.,E_W,0.0,2.407,4.053,1.646,,0,,,,,,0,,,,,S21_M003_P045_P044,
12138,4.053,B,We are going to play a quiz.,B_W,0.0,4.053,5.953,1.9,,0,,,,,,0,,,,,S21_M003_P045_P044,
12139,5.953,E,We are going to play a quiz.,E_W,0.0,4.053,5.953,1.9,,0,,,,,,0,,,,,S21_M003_P045_P044,
12140,5.953,B,So I'm going to ask you three questions that were previously posed to a group of hundred people.,B_W,0.0,5.953,11.256,5.303,,0,,,,,,0,,,,,S21_M003_P045_P044,
12141,11.256,E,So I'm going to ask you three questions that were previously posed to a group of hundred people.,E_W,0.0,5.953,11.256,5.303,,0,,,,,,0,,,,,S21_M003_P045_P044,
12142,11.256,B,You'll have to give me the three most popular anwers for each question,B_W,0.0,11.256,14.784,3.528,,0,,,,,,0,,,,,S21_M003_P045_P044,
12143,14.784,E,You'll have to give me the three most popular anwers for each question,E_W,0.0,11.256,14.784,3.528,,0,,,,,,0,,,,,S21_M003_P045_P044,
12144,14.784,B,you need to talk to each other in order to collaborate and then,B_W,0.0,14.784,18.492,3.708,,0,,,,,,0,,,,,S21_M003_P045_P044,
12145,18.492,E,you need to talk to each other in order to collaborate and then,E_W,0.0,14.784,18.492,3.708,,0,,,,,,0,,,,,S21_M003_P045_P044,
12146,18.492,B,order those answers in terms of popularity.,B_W,0.0,18.492,21.837,3.345,,0,,,,,,0,,,,,S21_M003_P045_P044,
12979,0.0,B,Ah it's fine.,B_W,0.0,0.0,0.565,0.565,,0,,,,,,0,,,,,S22_M003_P047_P046,
12980,0.565,E,Ah it's fine.,E_W,0.0,0.0,0.565,0.565,,0,,,,,,0,,,,,S22_M003_P047_P046,
12981,0.565,B,Hello guys.,B_W,0.0,0.565,1.385,0.82,,0,,,,,,0,,,,,S22_M003_P047_P046,
12982,1.385,E,Hello guys.,E_W,0.0,0.565,1.385,0.82,,0,,,,,,0,,,,,S22_M003_P047_P046,
12983,1.385,B, [eh] Thanks very much for being here today.,B_W,0.0,1.385,3.391,2.006,,0,,,,,,0,,,,,S22_M003_P047_P046,
12984,3.391,E, [eh] Thanks very much for being here today.,E_W,0.0,1.385,3.391,2.006,,0,,,,,,0,,,,,S22_M003_P047_P046,
12985,3.82,B,We're going to play a quiz.,B_W,0.0,3.82,5.344,1.524,,0,,,,,,0,,,,,S22_M003_P047_P046,
12986,5.344,E,We're going to play a quiz.,E_W,0.0,3.82,5.344,1.524,,0,,,,,,0,,,,,S22_M003_P047_P046,
12987,5.669,B,I'm going to ask you three questions that were previously posed to a group of hundred people.,B_W,0.0,5.669,10.066,4.397,,0,,,,,,0,,,,,S22_M003_P047_P046,
12988,10.066,E,I'm going to ask you three questions that were previously posed to a group of hundred people.,E_W,0.0,5.669,10.066,4.397,,0,,,,,,0,,,,,S22_M003_P047_P046,
12989,10.066,B,You'll have to find the three most popular answers,B_W,0.0,10.066,13.224,3.158,,0,,,,,,0,,,,,S22_M003_P047_P046,
12990,13.224,E,You'll have to find the three most popular answers,E_W,0.0,10.066,13.224,3.158,,0,,,,,,0,,,,,S22_M003_P047_P046,
12991,13.736,B,"and then you need to talk to each other, you need to collaborate",B_W,0.0,13.736,16.146,2.41,,0,,,,,,0,,,,,S22_M003_P047_P046,
12992,16.146,E,"and then you need to talk to each other, you need to collaborate",E_W,0.0,13.736,16.146,2.41,,0,,,,,,0,,,,,S22_M003_P047_P046,
12993,16.146,B,in order to order these answers in terms of popularity.,B_W,0.0,16.146,19.665,3.519,,0,,,,,,0,,,,,S22_M003_P047_P046,
12994,19.665,E,in order to order these answers in terms of popularity.,E_W,0.0,16.146,19.665,3.519,,0,,,,,,0,,,,,S22_M003_P047_P046,
13672,0.0,B,,0,,,,,set,B_W,0.0,0.0,0.518,0.518,,0,,,,,S23_M003_P049_P048,
13673,0.518,E,,0,,,,,set,E_W,0.0,0.0,0.518,0.518,,0,,,,,S23_M003_P049_P048,
13674,0.518,B,So hi guys [eh] ,B_W,0.0,0.518,1.868,1.35,,0,,,,,,0,,,,,S23_M003_P049_P048,
13675,1.868,E,So hi guys [eh] ,E_W,0.0,0.518,1.868,1.35,,0,,,,,,0,,,,,S23_M003_P049_P048,
13676,1.868,B,thanks,B_W,0.0,1.868,2.174,0.306,,0,,,,,hi,B_W,0.0,1.868,2.174,0.306,S23_M003_P049_P048,
13677,2.174,E,thanks,E_W,0.0,1.868,2.174,0.306,,0,,,,,hi,E_W,0.0,1.868,2.174,0.306,S23_M003_P049_P048,
13678,2.174,B,very much for coming here today.,B_W,0.0,2.174,3.89,1.716,,0,,,,,,0,,,,,S23_M003_P049_P048,
13679,3.89,E,very much for coming here today.,E_W,0.0,2.174,3.89,1.716,,0,,,,,,0,,,,,S23_M003_P049_P048,
13680,3.89,B,We are going to play a quiz.,B_W,0.0,3.89,5.655,1.765,,0,,,,,,0,,,,,S23_M003_P049_P048,
13681,5.655,E,We are going to play a quiz.,E_W,0.0,3.89,5.655,1.765,,0,,,,,,0,,,,,S23_M003_P049_P048,
13682,5.655,B,So I'm going to ask you three questions that were previously posed to a group of hundred people.,B_W,0.0,5.655,10.615,4.96,,0,,,,,,0,,,,,S23_M003_P049_P048,
13683,10.615,E,So I'm going to ask you three questions that were previously posed to a group of hundred people.,E_W,0.0,5.655,10.615,4.96,,0,,,,,,0,,,,,S23_M003_P049_P048,
13684,10.615,B,You have to find the three most famous [eh] answers to each question.,B_W,0.0,10.615,14.903,4.288,,0,,,,,,0,,,,,S23_M003_P049_P048,
13685,14.903,E,You have to find the three most famous [eh] answers to each question.,E_W,0.0,10.615,14.903,4.288,,0,,,,,,0,,,,,S23_M003_P049_P048,
13686,14.903,B,You have to talk to each other you have to collaborate in order to order these [eh] answers then eh in terms of popularity.,B_W,0.0,14.903,22.213,7.31,,0,,,,,,0,,,,,S23_M003_P049_P048,
